,~嘲戈R芥W鸭(ぃt~戈劾绨),劾绨佣R芥W鸭,b,nq:00896,Θユ鸭,Θユ掸计,鸭/掸计,TW_[v计_ΜL基,TW_[v计_Θユ鸭,NASDAQ_ΜL基,NASDAQ_Θユ鸭,S&P500_ΜL基,S&P500_Θユ鸭,DJI_ΜL基,DJI_Θユ鸭
ΜL基,-0.549961619,0.015304295,0.231930244,0.447097078,-0.158661852,0.537468772,-0.384208088,0.307886769,0.374877378,0.218354161,0.55660636,0.260988693,0.32855152,0.233830988,0.159581099
ΜL基,-0.320580607,-0.257166319,0.965892569,0.623117092,-0.027665386,0.000969097,0.007305727,0.918286702,0.403096076,0.86725123,-0.80446761,0.850588142,-0.775520293,0.832079158,-0.703875634
ΜL基,0.749416979,-0.170016311,0.673081679,0,0.26941538,0.389601677,-0.192854068,0.538393633,0.695788893,-0.316984976,0.51999071,-0.23581186,-0.304953761,-0.173214729,0.593178806
ΜL基,0.412079376,0.415620997,0.898226944,0.86269755,0.116786865,-0.321099543,0.340721615,0.942261272,-0.424757035,0.872121789,-0.153812802,0.765283906,-0.837918816,0.613348841,-0.061572667
ΜL基,-0.101153608,-0.389760022,0.875441017,-0.609018926,-0.481576704,0.110274934,-0.407333541,0.888924823,0.454815675,0.805233532,-0.489643527,0.845125865,-0.283589717,0.804756131,0.372408705
ΜL基,0.524973062,-0.305549228,0.383069215,0.325157605,0.021822407,-0.006595322,-0.001467016,0.392844501,0.544057294,0.285788112,0.560443318,0.287967673,0.654259771,0.294300154,0.664550682
ΜL基,-0.623704147,-0.513136562,0.065071349,-0.178898793,0.770993547,0.43279917,0.420349737,-0.153463605,-0.390038283,0.589066694,0.231103139,0.555183482,-0.715781921,0.518318537,0.402048636
ΜL基,-0.690749139,0.066200078,0.326291083,0.255577448,-0.055706035,0.855465061,-0.416814016,0.169551381,0.184110763,0.042232388,0.192663636,0.095964161,0.334559374,0.066972624,0.380521307
