,~嘲戈R芥W鸭(ぃt~戈劾绨),劾绨佣R芥W鸭,b,nq:00896,Θユ鸭,Θユ掸计,鸭/掸计,TW_[v计_ΜL基,TW_[v计_Θユ鸭,NASDAQ_ΜL基,NASDAQ_Θユ鸭,S&P500_ΜL基,S&P500_Θユ鸭,DJI_ΜL基,DJI_Θユ鸭
ΜL基,-0.42289368,-0.044216578,0.759455588,0.633998059,0.270386074,0.66010563,-0.3268144,0.205344325,0.977164174,0.547035193,0.677333118,0.551234966,0.579823903,0.555742942,0.652400962
ΜL基,-0.23339354,-0.122645279,0.815152747,0.724505162,0.565792484,0.232355969,0.269760334,0.860651165,0.483921432,0.692437704,0.129234265,0.61714581,-0.041750719,0.67489512,-0.548851501
ΜL基,0.393290628,0.67631655,0.796345207,-0.907793809,0.349301212,-0.29402564,0.723394614,0.689974234,-0.667652274,0.098989323,-0.199936504,-0.17496276,0.625239296,-0.391580553,-0.608316167
ΜL基,-0.109256078,0.157320958,0.714550419,-0.739713525,0.918342497,0.097559294,0.814526598,0.587143663,0.338788146,-0.738907868,0.507744154,0.272441982,0.710344501,0.799199335,0.265501187
ΜL基,0.138352668,-0.300961675,0.901163443,0,0.293523797,-0.306831845,0.457887335,0.903693448,0.087102227,0.247327004,-0.372878206,-0.271251076,-0.170817154,-0.654390447,-0.246730776
ΜL基,0.13006404,-0.683090841,0.86212787,0.127316734,0.49560353,-0.631943779,0.473573218,0.58770435,0.419998869,0.365419935,0.351435309,0.362563534,0.391267145,0.361072885,0.360522874
ΜL基,-0.424202584,-0.054010097,0.727605225,0.786431078,0.537783627,0.095973697,0.470160353,0.745198568,0.804847074,0.842486919,0.60555741,0.855957548,0.208061118,0.627007777,0.494539206
ΜL基,0.171540814,-0.559541657,0.105283051,0.179460292,-0.697804301,-0.519117737,-0.157863233,0.255928625,0.509352838,0.087257817,0.332768992,0.088665347,0.450549187,0.091002113,0.439831333
