,~嘲戈R芥W鸭(ぃt~戈劾绨),劾绨佣R芥W鸭,b,nq:00896,Θユ鸭,Θユ掸计,鸭/掸计,TW_[v计_ΜL基,TW_[v计_Θユ鸭,NASDAQ_ΜL基,NASDAQ_Θユ鸭,S&P500_ΜL基,S&P500_Θユ鸭,DJI_ΜL基,DJI_Θユ鸭
ΜL基,-0.388797888,0.037055303,0.339902187,0.121813723,-0.442729342,0.21965718,-0.496227557,0.471378565,0.355027042,0.192483758,0.242151331,0.242054729,-0.139456112,0.244714675,0.261875322
ΜL基,-0.326586499,0.055556074,0.843849925,0,0.039249798,0.441951941,-0.144758204,0.761631546,0.782037467,0.723614708,0.679024702,0.790627379,-0.469579183,0.790426683,-0.401161716
ΜL基,0.509340356,0.405884423,0.920022901,0.84810727,-0.045660019,0.02061448,-0.036391391,0.910393261,0.052497936,0.858585395,0.12044774,0.808847253,-0.47151171,0.760073017,-0.103651965
ΜL基,-0.829079937,-0.487305533,0.52054608,-0.568297052,0.242172492,-0.46669245,0.491779275,0.410425792,-0.712149901,-0.218657832,-0.463763495,-0.218061562,-0.527740645,-0.218757131,-0.558310485
ΜL基,-0.656957387,-0.621524332,0.248778297,0.275586636,0.198415689,0.616356309,-0.388880967,-0.098666714,-0.560454026,0.603870709,0.225819639,0.682105917,-0.793275671,0.747286926,-0.329960556
ΜL基,-0.648132564,0.006170259,0.392629006,0.18394132,-0.160039219,0.959238394,-0.585116706,0.118910461,0.431806048,0.325544239,0.506618525,0.329424247,0.590771272,0.330602681,0.57988334
