,~嘲戈R芥W鸭(ぃt~戈劾绨),劾绨佣R芥W鸭,b,nq:00896,Θユ鸭,Θユ掸计,鸭/掸计,TW_[v计_ΜL基,TW_[v计_Θユ鸭,NASDAQ_ΜL基,NASDAQ_Θユ鸭,S&P500_ΜL基,S&P500_Θユ鸭,DJI_ΜL基,DJI_Θユ鸭
ΜL基,-0.560973303,-0.321184755,0.703609307,0.712368392,0.268292912,0.469801353,-0.121777382,0.233779959,0.92021653,0.546855926,0.675330791,0.551344161,0.568309345,0.553815073,0.580988285
ΜL基,-0.366915445,0.046047203,0.507923719,0.451194533,-0.105735566,0.225485375,-0.185813818,0.524521996,0.274129763,-0.202766286,-0.394666052,-0.116389457,0.05165368,-0.163239674,-0.58229436
ΜL基,0.495975894,0.470990128,0.733081743,-0.305998605,0.449762397,0.451694063,0.291319875,0.597612952,0.407373287,0.179527136,0.547394651,0.538418815,0.624275525,0.765060789,0.49991079
ΜL基,-0.657144158,0.053386182,0.93982621,0.950724941,0.228978612,0.048588365,0.059843224,0.858768013,0.581389753,-0.116852165,0.10652696,-0.145581567,0.138268275,-0.162352198,0.309880908
ΜL基,-0.340907943,-0.602871206,0.883539848,0.536147026,0.716162082,-0.359244208,0.78190511,0.861871831,0.101528144,0.833625048,0.753658856,0.863335439,-9.97876E-05,0.750530126,-0.072089277
