淨值,聲量:00923,成交股數,成交筆數,股數/筆數,外資買賣超股數,投信買賣超股數,自營商買賣超股數,TW_加權指數_收盤價,TW_加權指數_成交股數,NASDAQ_收盤價,NASDAQ_成交股數,S&P500_收盤價,S&P500_成交股數,DJI_收盤價,DJI_成交股數
0.9997166527167685,-0.7149370518942763,0.4741071395485801,-0.057056903565499736,0.6566714024243085,0.38245562407143124,0.12255434120083832,0.6434167066365225,0.9503935318788798,0.6075365911834913,0.785822367706765,0.07968497285839163,0.8435289796304931,-0.5557046915048852,0.8441340779823355,-0.15411381179984504
0.9965154198046544,-0.8638926689972849,-0.08190685406405104,-0.321086751388719,0.510709652838092,-0.15055191305535692,0.0,0.709808181555853,0.9762754501989558,0.5766963143362427,0.7780463708543324,0.4627704099014681,0.7885546876341195,-0.6009356056271159,0.7288779815324842,-0.4590400555339593
0.9961926771698936,0.8702839071865365,0.6920716049635843,0.5576191417436445,0.7339777663398256,0.13413066430016335,0.026847434166818052,0.7175711990785373,0.9872459268352977,0.32568661475466887,0.9201123160305137,0.19672415719099925,0.9113799401883425,-0.3254815552652164,0.8951363752470411,-0.20074029042613975
0.9624645954323036,0.5927267365645591,-0.06494230962843643,-0.15037176347848444,-0.01593554524189634,0.3476249037225603,0.0,-0.06705843186249041,0.9211973152625047,-0.1277428893864369,-0.1741515175109257,-0.39136373025976157,-0.1732421298601723,-0.43278316697626673,-0.1749450806551962,-0.5867727017027812
0.9591014691914611,0.6069866025717349,-0.10943953926650414,-0.6536983184604999,0.3339563743272621,0.21409445957787404,0.5432420478455676,0.6293870165683002,0.9059449646560395,-0.1042032453015929,0.5167043252983042,-0.4022045678817741,0.6166068789425835,0.059618564498525456,0.4623545005091075,0.20326063404437858
0.9748330929794609,0.4955828772472952,-0.06503009069643657,-0.14366054770244077,-0.026098581604706395,0.08233884897490186,0.07900576302550978,0.06952351673155932,0.9626509637641651,-0.08950950353346383,-0.1079006498943185,0.0158532566548925,-0.11044339867673453,-0.06046353090632787,-0.11072849752977607,0.052174160481613295
